Business and industry:social media ,Business and industry:Health care,Business and industry:Business,Entertainment:movies,Entertainment:live events,Entertainment:Games,Entertainment:music,Entertainment:reading,Entertainment:tv and series,family and relationships:family,family and relationships:parenting,family and relationships:dating and mariage,fitness and wellness:bodybuilding,fitness and wellness:Physical exercise,fitness and wellness:yoga,fitness and wellness:running,food and drink:alcoholic beverage,food and drink:beverages,food and drink:cooking and cuisine,food and drink:food and restaurant,hobbies and activities:art and music,hobbies and activities:current event homes and garden,hobbies and activities:pets,hobbies and activities:political and socials issues ,hobbies and activities:travel,hobbies and activities:vehicles,shopping and fashion:beauty,shopping and fashion:clothing,shopping and fashion:fashion accessories,shopping and fashion:shopping,shopping and fashion:toys,sports :american football,sports :football/soccer,sports :baseball,sports :basketball,sports :golf,sports :marathon,sports :Auto racing,sports :skiing,sports :swimming,sports :tennis ,sports :volleyball,sports :handball,Outdoors:camping,Outdoors:fishing,Outdoors:horseback riding,Outdoors:hiking,Technology:computers,Technology:consumer electronics
crisitano,doctor.mike,cristiano,colorpalette.cinema,liveinloveeventsintl,ninja,ldawild,goodreads,familyfeud,hannahshaller,leomessi,hannahshaller,schwarzenegger,jackgrealish,smriti.yoga,runnersworldmag,vinepair,drinksfeed,gordongram,deliciouslyella,ldawild,thisoldhouse,dogsofinstagram,realdonaldtrump,lonelyplanet,charles_leclerc,taylorswift,charles_leclerc,cristiano,"amazon",toygenius,nfl,cristiano,mlb,nike,pgatour,nycmarathon,landonorris,warrenmillerent,usaswimming,wimbledon,avpbeach,handball.loverr,awakethesoul,thesaltstrong,horseandhound,hikingculture,verge,verge
kimkardashian,instanursing,entrepreneur,studiobinder,coachella,"nintendoamerica",arianagrande,bookriot,kardashianshulu,cristiano,cristiano,alvaromorata,jaycutler,cristiano,ambikadevidance,nikerunning,cocktailcourier,cocktailcourier,luckycatbygordonramsay,jamieoliver,hobbycrafthq,betterhomesandgardens,cats_of_instagram,barackobama,beautifuldestinations,carlossainz55,"sephora",cristiano,taylorswift,shopbop,toyslagram,nflnetwork,alvaromorata,mlbnetwork,nba,"golfdigest",bostonmarathon,charles_leclerc,"freeskiermagazine",speedo,grandslam,usavolleyball,nikolakarabatic44,campinghiking,_ctrfishing,go_riding,"backpackermag",crucial_memory,lenovo
doctor.mike,cdcgov,forbes,filmthusiast,nba,"xbox",theweeknd,reesesbookclub,strangerthingstv,alvaromorata,nikovaldes,nikovaldes,paigehathaway,alvaromorata,davidrobsonyoga,runkeeper,wineenthusiast,bevvyco,carolinagelen,dennistheprescott,artandmusicco,thehappygardeninglife,bestwoof,united.left.party,adventure,scuderiaferrari,jomalonelondon,grandslam,kimkardashian,"sephora","toytinyblog",nflfilms,nike,"baseballhall",fiba,golfchannel,runnersworldmag,carlossainz55,salomonfreeski,dandaly,rolandgarros,"volleyballworld",psghandofficiel,nathanaelbillings,we_lovefishing,usequestrian,"thruhikesyndicate","lg_tech.life",samsungus
ninja,american_heart,incmagazine,netflix,olympics,steam_games_official,the1975,bookofthemonth,cw_supernatural,leomessi,parenting.passports,davidbeckham,kayla_itsines,rubendias,hannahshaller,runnerspace,whiskyadvocate,baristascoffeeshops,deliciouslyella,betterhomesandgardens,"worldofdance",ikeausa,rabbits.ig,the_political_compass,beachesresorts,jamiechadwick,kerastase_official,rogerfederer,badgalriri,nordstrom,toyfiends,tombrady,realmadrid,mlbpipeline,bleacherreport,"rickiefowler",runrocknroll,f1,kellysildaru,swimmermichael,djokernole,vbmagazine,"thehomeofhandball",campingwithdogsaustralia,favoriterodsusa,"westernhorseman",womenwhohike,"amd","dpreview"
american_heart,webmd,kimkardashian,straw_hat_goofy,fifaworldcup,epicgames,arcticmonkeys,barnesandnoble,sense8,tombrady,the.vagina.whisperer,victoriabeckham,calumvonmoger,davidbeckham,adellbridges,trailrunnermag,drinkhacker,drinkripples,dennistheprescott,marthastewart,sketch_dailydose,gardenersworldmag,feather_perfection,political.pen,"beachlifemindset",SkySportsF1,laprairie,nike,bellahadid,targetstyle,thetoyinsider,brgridiron,fcbayern,yankees,kingjames,tigerwoods,chimarathon,lewishamilton,tetongravity,swimuphill,rogerfederer,avcavolleyball,handball_planet_official,angelaliggs,floridasportfishing,goeventing,alexhonnold,"dell","garmin"
taylorswift,everydayhealth,taylorswift,thegodfathermovie,ufc,ubisoft,taylorswift,bookbub,teenwolf,nikovaldes,pewdiepie,pewdiepie,simeonpanda,laurasykora,laurasykora,oiselle,drink818,itsmatchamagic,fitgreenmind,american_heart,musicartsfan,"homesandgardensofficial",nickthewrangler,hillaryclinton,green_global_travel,f1,narsissist,taylorswift,gigihadid,bestbuy,best_toys_collection_,thegamedaynfl,leomessi,mlb__players,"basketball",pgatourchampions,lamarathon,scuderiaferrari,lineskis,adam_peaty,rafaelnadal,mchristenson11,"elizabethomoregie",meghanorourkee,fishusa,dreamyponies,_thru_hiking,"hp",playstation
billieeilish,healthline,badgalriri,starwars,wimbledon,"rockstargames",billboard,bookish_sales_tn,howtogetawaywithmurder,parenting.passports,actionjacquelyn,hannahshaller,fitgirlsguide,beachyogagirl,kinoyoga,runnersworldmag,imbibe,vitacoco,healthygirlkitchen,buzzfeedtasty,bangcover.art,racheldethame,campingwithdogsaustralia,hon.maximebernier,mountainlovers,ferrari,sarahillmakeup,nordstrom,beyonce,kendalljenner,"toys4kids_india","clutchpointsnfl",championsleague,baseballamerica,seanxwalker,golficity,"berlinmarathon",mclaren,wzylouisey,katieledecky,medwed33,"sarah_pavan",cristinaneaguofficial,ideascamping,ba_fishing_,will.rogers.horses,andeast,"nvidia",samsungmobile
badgalriri,mayoclinic,successmagazine,disneystudios,f1,"bethesda",vmas,thereadingwomen,thegooddoctorabc,badgalriri,shalaneflanagan,mariefeandjakesnow,bodybuildingcom,nathantsuji,beachyogagirl,courtneydauwalter,bevvyco,cocacola,allthingsmeaty,"bonappetitmag","art","bordehillgarden",lifeonthe_ranch_,mariateresakumar,nature,peugeot,wakeupandmakeup,kimkardashian,kendalljenner,shop,toy_ideas,usa_football,fifaworldcup,miketrout,"europebasketballacademy",rorymcilroy,marathontalk,georgerussell63,skybrown,"chadleclos92",serenawilliams,wilfredo_leon_official,sandratoft89,"outdoorcampinglovers",icefishing_nation,nrps.prince,angelaliggs,intel,"sonyalpha"
charles_leclerc,health,jeffbezos,the_goodfilms,livenation,activision,recordingacademy,crimebythebook,rupaulsdragrace,miketrout,daniellehartruns,travelling.husbands,ashleykfit,daniellehartruns,nathantsuji,shalaneflanagan,"liquor",fanta,orchidsnsweettea_,thekitchn,the.bluelemonade,"charlie.harpur",thereptilezoo,anthonyblogan,vietnamtourismboard,landonorris,gothamista,bellahadid,victoriabeckham,shoppingforluxury,funrisetoys,"theusfl",rubendias,"claytonkershaw",thekingofunderdogs,justinthomas34,wealthandfitness,hulkhulkenberg,patburgener,caelebdressel,onsjabeur,seymaercan,englandhandball,mandocamps,deadliest_kast_fishing,"lacavalierelegante",thewanderingsuitcase,seagate,bose
connorfranta,menshealthmag,zuck,universalpictures,vmas,"riotgames",coachella,whytmanga,latenightseth,mchristenson11,emilyskyefit,weloveourlife,fithealthyworkouts,cbum,hananelazaar_,tommy_rivs,"donjuliotequila",sprite,halfbakedharvest,minimalistbaker,abstrac.ted,"tomstuartsmith","kams.reptiles",duvaliermalone,"travelandleisure",lewishamilton,trendmood1,gigihadid,irinashayk,zara,"minitoyland",dangerusswilson,jackgrealish,bryceharper3,"amazehoops",taniatare63,"runmeb",maxverstappen1,rowley.adventures,swimmermichael,iga.swiatek,englandmvb,scothandball,"letscamptogether",fish__national_,matt_harnacke,hikinggirls,"asusrog",panasonicproavusa
zendaya,"clevelandclinic",instagram,20thcenturystudios,recordingacademy,nadeshot,livenation,anime4you.75,thedailyshow,zuck,michelle_lewin,bumble,bodybuildingnation,jeff_seid,carlingnicole,daniellehartruns,"spiritsnetwork",starbucks,feelgoodfoodie,gordongram,"emergeast",clarefostergardens,"jiffpom",shermichael_,expedia,carlossainz55,kimkardashian,beyonce,patrickstarrr,revolve,"toystroller","joeyb_9",kylewalker2,thejudge44,basketballforever,golfbombs,jakobing,schecoperez,ted_ligety,adam_peaty,carlitosalcarazz,jjendryk21,lukakarabatic,slowcarfasthome,jonbrollin,_jessedrent,"andrea.ference",lenovo,"lgusa"
bellahadid,drmarkhyman,kendalljenner,marvelstudios,lollapalooza,"shroud",lollapalooza,tonytonyvalente,latelateshow,kardashianshulu,adam_peaty,match,musclepharm,philheath,dylanwerneryoga,yellowrunner,mezcalreviews,"vitaminwater",rebelrecipes,"nytcooking",streetphotographyinternational,acreswildgardendesign,"nala_cat",cnn,cntraveler,landonorris,badgalriri,kendalljenner,this_esme,lulus,"henley.alexa",saquon,premierleague,cody_bellinger,stephencurry30,"haileyostrom","shalaneflanagan",oscarpiastri,ryanspurvis,tomdaley,djokernole,kyleensing,carmen_martin4,briskventure,,hedincarl,samrculley,samsungus,"xbox"
gigihadid,the.vagina.whisperer,davidbeckham,pixar,worldstar,"annemunition",worldstar,sinnra,jimmykimmellive,brodyjenner,carowozniacki,okcupid,leanadeebb,raydiaz,hannahshaller,eilishmccolgan,milkandhops,"lacroixwater",leanadeebb,"smittenkitchen",nowherediary,"camerongardens",thepetsnet,france24_en,roughguides,mclaren,bellahadid,davidbeckham,"netaporter",tjmaxx,prettypretendplay,_4dak,realmadrid,"demarini","zo","tishaalyn","joshuacheptegei",yukitsunoda0511,o_leeps,mattydiver,venuswilliams,micahmaa,angelamalestein,tentipi,,reaganibach,"joshtheinternofficial",adata_global,mkbhd
zuck,the_fitness_dietitian,startup,alfonsocuaron,matteolane,"drdisrespect",oliviarodrigo,guardian,fallontonight,davidbeckham,true_parenting_story,eharmony,menshealthmag,sarasaffari__,actionjacquelyn,des_linden,"brokenshaker","davidstea",foodnetworkkitchen,"foodnetworkkitchen","womenstreetphotographers",jothompsongarden,pets,aljazeeraenglish,tripadvisor,"shmee150",gigihadid,victoriabeckham,"gucci",marshalls,"dollswithdasha",vonmiller,liveherewego,bigcityforreal,klaythompson,bryanbrosgolf,gengen_lacaze,fernandoalo_oficial,andriragettli,dannielgoodfellow,andymurray,taverill13,,msr_gear,,pony_nuts,hike_britain,"sandisk",iphone_photography_school
instagram,everydayhealth,myfitness,martinscorsese_,maxtheverygoodboy,"timthetatman",billieeilish,financialtimes, thegameshowuk,victoriabeckham,"u_madson",tinder,cbum,stevecook,yogawithjul,karagoucher,craftbeerdotcom,"juicepress",nytcooking,everydayhealth,thisaintartschool,"houseandgardenuk",pets_of_lnsta,theblazetv,awakethesoul,supercarblondie,beyonce,irinashayk,revolve,thekrazycouponlady,"sophiesplayday","phiferfootball",davidbeckham,"bardo_52",ballislife,dangrievegolf,the_lucky_woman_,williamsracing,,,k1ngkyrg1os,erikshoji,,"bigagnes_",,elphick.megan,foodtraveleisure,"hyperx",beebomco
beyonce,healthcareprofessionls2152,iamnehanagar,lynncinema,nathantsuji,pokerstars,badgalriri,farofeb,25wordsorlesstv,nadeshot,"healthiest_baby",grindr,simeonpanda,emilyskyefit,ashleygalvinyoga,runrx,tipsybartender,"bluebottle","halfbakedharvest",epicurious,"magnificomagazine","genevavanderzeil","itsdougthepug","blklivesmatter",the.adventure.outdoors,blogcarspassion,kendalljenner,patrickstarrr,"hautelemode",netaporter,kiki.playroom,,,,,,,,,,carowozniacki,,,nordiskoutdoor,,horseworld_tv,nicholethenomad,msi,unboxtherapy
kendalljenner,doctorapa,queen.of.wallstreet,thecinemastories,mattrife,uno,jamesblake, ,beatshazamfox,thepioneerwoman,"mombrain.therapist","couplegoals",kaigreene,chloe_t,acrobuddhas,brookewillson,alcohowl,"thirdwavewichteln",chefsteps,"eater",friendsinperson,maddyevennett,lizzie.bear,cheerupluv,parenting.passports,"thatm4girl",brodyjenner,zara,"ideservecouture",etsy,"tanjastoysreview",,,,,,,,,,,,,,,matildebrandt,,chillrogg,chillrogg
familyfeud,myronlrolle,colinyurcisin,filmtourismus,,drlupo,instagram,,chainreactionca,pewdiepie,fitmomma4three,joeandohirsh,jeff_seid,rohitkhatrifitness,,,cocktails,intelligentsiacoffee,"food52","foodandwine","guitarcenter",geebungalow,samhaseyebrows,"earthrise.studio",connorfranta,cccmanhattan,davidbeckham,revolve,itscassiethorpe,ebay,"rhia.official",,,,,,,,,,,,,,,this_esme,,computernotion,nintendoamerica
davidbeckham,thebentistofficial,thestockmarketindia,taranadarsh,,nickeh30,beyonce,,13reasonswhy,hannahshaller,kaysy_andhergirls,k1ngkyrg1os,philheath,myfitness,,,timthetankofficial,seattlecoffeegear,"thekitchn",infatuation,"paintings.daily",jaharnquinn,"wellnesspetfood","the_female_lead",reneeroaming,amyshorephotography,victoriabeckham,"netaporter","lyst",urbanoutfitters,jakkspacific.toys,,,,,,,,,,,,,,,,,pc_tips_tricks_,supersaf
victoriabeckham,drbilldorfman,calltoleap,kodakmovies,,fazesway,victoriabeckham,,,actionjacquelyn,dadlifewithriver,"datingcom",sarasaffari__,coach.bluee,,,"bestcocktails",timthetankofficial,"seriouseats","bonappetitmag",sculpturecenter,vanillapalmdesigns,pure_pet_food,"so.informed",angelaliggs,thespeedhunters,irinashayk,chloe_t,"stylegator","forever21","mcfarlane_toys_official",,,,,,,,,,,,,,,,,,
rupaulofficial,"alcohol.thinkagain_wa",thehimanichaudhary,escenasgay,,sypherpk,rupaulofficial,,,shalaneflanagan,"allieandsam",the_fairy_godfather,stevecook,gymnash96,,,simplycocktail,"jarritos",tastesbetterfromscratch,"zagat",singersspotlight,thediydecorator,"nutropetfood",nobordersmcr,meghanorourkee,"petrolicious",hudabeauty,hm,"modeblogg",anything_accessories,"legofranco",,,,,,,,,,,,,,,,,,
"jeffreestar",,technical._.mast,,,nintendoamerica,,,,daniellehartruns,"elleswift",explorerssaurus_,rohitkhatrifitness,georgerussell63,,,delightfuldrinks,"fijiwater",pinchofyum,allrecipes,"ronwritings",,ziwipetsusa,lgbt_history,andrea.ference,capturingthemachine,nyxcosmetics,"urbanoutfitters",wardrobeicons,sheinofficial,"necaofficial",,,,,,,,,,,,,,,,,,
drmarkhyman,,therakeshbansal,,,playstation,,,,emilyskyefit,,,generationiron,taverill13,,,thealcoholprof,"nespresso",thepioneerwoman,cookinglight,dailyart,,basiltheminilop,letstalkpalestine,brookewillson,car.exper7,patrickstarrr,"forever21","grazia_me","houseofcb",supermoosetoys,,,,,,,,,,,,,,,,,,
myronlrolle,,pacemorby,,,,,,,michelle_lewin,,,bodybuildingnation,colinyurcisin,,,beefeatergin,synergykombucha,"bosh.tv","saveurmag",painters.paintings,,"thelovedbuns","mariateresakumar",lacey_spalding,her_garage_yt,"anastasiabeverlyhills","stylegator",chanelofficial,"walmart",winmagictoys,,,,,,,,,,,,,,,,,,
doctorapa,,samfasterfreedom,,,,,,,caelebdressel,,,,,,,casamigos,teaformeplease,bbcgoodfoodshow,"eater_la","artsy",,funny.cute.rabbit,anthonyblogan,nicolexknox,mastercarsreviewlb,"toofaced","modeblogg","rolex","netaporter",manhattantoy,,,,,,,,,,,,,,,,,,
myronlrolle,,upnextpodcast,,,,,,,whoisjob,,,,,,,,ohhowcivilized,,"infatuation_nyc",painterspaintingpaintings,,bunny_of_week,shermichael_,carswithmiles,forrest.auto.reviews.official,"morphebrushes",wardrobeicons,versace,"asos",tenderleaftoys,,,,,,,,,,,,,,,,,,
thebentistofficial,,moneyafrica,,,,,,,austinadams49,,,,,,,,,,craftbeerdotcom,artbyitisha,,_honeysbunnies_,"whitehouse",georgerussell63,magnacars,"kyliecosmetics",chanelofficial,prada,"asos_man",toytestingsisters,,,,,,,,,,,,,,,,,,
drbilldorfman,,traders.paradisee,,,,,,,carowozniacki,,,,,,,,,,"blacktapnyc","danceon",,bestbehavedbirds,"jessicayellin",reneeroaming,zephyr_designz,"kyliejenner",prada,"dior",,actionfigureinsider,,,,,,,,,,,,,,,,,,
pewdiepie,,ajla_talks,,,,,,,micahmaa,,,,,,,,,,,dancemagazine,,"irn_rio","repjamesclyburn","angelaliggs",azizdrives,"rarebeauty","dior",cartier,,,,,,,,,,,,,,,,,,,,
kodakmovies,,,,,,,,,lukakarabatic,,,,,,,,,,,art_dailydose,,myrtlebeachsafari,"ryanafournier","weloveourlife",omardrives,"selenagomez",tommyhilfiger,burberry,,,,,,,,,,,,,,,,,,,,
matteolane,,,,,,,,,,,,,,,,,,,,patburgener,,,,travelling.husbands,carswithmiles,"beautylish",sheinofficial,jacquemus,,,,,,,,,,,,,,,,,,,,
mattrife,,,,,,,,,,,,,,,,,,,,,,,,saltinourhair,carswithmiles,"jeffreestar",bershka,"hermes",,,,,,,,,,,,,,,,,,,,
simeonpanda,,,,,,,,,,,,,,,,,,,,,,,,,gauravtingre,chanelofficial,alexandermcqueen,"tiffanyandco",,,,,,,,,,,,,,,,,,,,
kaigreene,,,,,,,,,,,,,,,,,,,,,,,,,b.choww,,"fendi","balenciaga",,,,,,,,,,,,,,,,,,,,
cbum,,,,,,,,,,,,,,,,,,,,,,,,,,,"houseofcb","my.jewelry8",,,,,,,,,,,,,,,,,,,,
philheath,,,,,,,,,,,,,,,,,,,,,,,,,,,lewishamilton,dolcegabbana,,,,,,,,,,,,,,,,,,,,
chloe_t,,,,,,,,,,,,,,,,,,,,,,,,,,,tomdaley,"bulgari",,,,,,,,,,,,,,,,,,,,
rohitkhatrifitness,,,,,,,,,,,,,,,,,,,,,,,,,,,joeandohirsh,"haremsjewel",,,,,,,,,,,,,,,,,,,,
coach.bluee,,,,,,,,,,,,,,,,,,,,,,,,,,,,swarovski,,,,,,,,,,,,,,,,,,,,
generationiron,,,,,,,,,,,,,,,,,,,,,,,,,,,,"oscardelarenta",,,,,,,,,,,,,,,,,,,,
_ninosaur,,,,,,,,,,,,,,,,,,,,,,,,,,,,alexandermcqueen,,,,,,,,,,,,,,,,,,,,
rorymcilroy,,,,,,,,,,,,,,,,,,,,,,,,,,,,"fendi",,,,,,,,,,,,,,,,,,,,
justinthomas34,,,,,,,,,,,,,,,,,,,,,,,,,,,,"chloe",,,,,,,,,,,,,,,,,,,,
georgerussell63,,,,,,,,,,,,,,,,,,,,,,,,,,,,,,,,,,,,,,,,,,,,,,,,
lewishamilton,,,,,,,,,,,,,,,,,,,,,,,,,,,,,,,,,,,,,,,,,,,,,,,,
maxverstappen1,,,,,,,,,,,,,,,,,,,,,,,,,,,,,,,,,,,,,,,,,,,,,,,,
tomdaley,,,,,,,,,,,,,,,,,,,,,,,,,,,,,,,,,,,,,,,,,,,,,,,,
mattydiver,,,,,,,,,,,,,,,,,,,,,,,,,,,,,,,,,,,,,,,,,,,,,,,,
carlitosalcarazz,,,,,,,,,,,,,,,,,,,,,,,,,,,,,,,,,,,,,,,,,,,,,,,,
oscarpiastri,,,,,,,,,,,,,,,,,,,,,,,,,,,,,,,,,,,,,,,,,,,,,,,,
joeandohirsh,,,,,,,,,,,,,,,,,,,,,,,,,,,,,,,,,,,,,,,,,,,,,,,,